Variable,Variable name (raw),Variable name (clean),Measurement unit,Allowed values,Description
Date of Survey Start,startDate,time_start,DD/MM/YYYY hh:mm:ss AM/PM,Any date,Date when survey was started
Date of Survey Finish,endDate,time_end,DD/MM/YYYY hh:mm:ss AM/PM,Any date,Date when survey was completed
Survey Progress,progress,N/A,Numeric,0-100,Percentage of survey completed
Survey Duration,duration,time_to_complete,Numeric,0-Inf,Time in seconds
Survey Completed,finished,N/A,Numeric,1 = Survey completed,Indication of whether survey was completed
Browser,QID99_BROWSER,specs_Browser,Text,text,Browser used by participant
Browser Version,QID99_VERSION,specs_Version,Text,text,Browser version used by participant
Operating System,QID99_OS,specs_Operating.System,Text,text,Operating system used by participant
Screen Resolution,QID99_RESOLUTION,specs_Resolution,Text,text,Screen resolution used by participant
N/A,QID100_FIRST_CLICK,pifFirst.Click,N/A,N/A,"Would have recorded timing information regarding the participant information sheet, but error meant no record was kept."
N/A,QID100_LAST_CLICK,pifLast.Click,N/A,N/A,"Would have recorded timing information regarding the participant information sheet, but error meant no record was kept."
N/A,QID100_PAGE_SUBMIT,pifPage.Submit,N/A,N/A,"Would have recorded timing information regarding the participant information sheet, but error meant no record was kept."
N/A,QID100_CLICK_COUNT,pifClick.Count,N/A,N/A,"Would have recorded timing information regarding the participant information sheet, but error meant no record was kept."
Consent,QID101,pcf,Numeric,"1 = Yes, 2 = No",
Time to first click on page showing QID101,QID103_FIRST_CLICK,pcf_First.Click,Numeric,0-Inf,Measured in seconds
Time to last click on page showing QID101,QID103_LAST_CLICK,pcf_Last.Click,Numeric,0-Inf,Measured in seconds
Time to submission of page showing QID101,QID103_PAGE_SUBMIT,pcf_Page.Submit,Numeric,0-Inf,Measured in seconds
Total clicks on page showing QID101,QID103_CLICK_COUNT,pcf_Click.Count,Numeric,1-Inf,
Age,QID105_TEXT,age,Numeric,18-Inf,Age of participant in years
Gender,QID106,gender,Numeric,"1 = Male, 2 = Female, 3 = Other",Gender of participant
Time to first click on page showing QID106,QID107_FIRST_CLICK,demographics_First.Click,Numeric,0-Inf,Measured in seconds
Time to last click on page showing QID106,QID107_LAST_CLICK,demographics_Last.Click,Numeric,0-Inf,Measured in seconds
Time to submission of page showing QID106,QID107_PAGE_SUBMIT,demographics_Page.Submit,Numeric,0-Inf,Measured in seconds
Total clicks on page showing QID106,QID107_CLICK_COUNT,demographics_Click.Count,Numeric,1-Inf,
Q sort complete code,QID109_TEXT,code_entered,Numeric,0000000-9999999,Participant completes Q sort then enters their code. This information and timing information is used to match Qualtrics data with Q sort data
Time to first click on page showing QID109,QID110_FIRST_CLICK,qualtrics_qsort_First.Click,Numeric,0-Inf,Measured in seconds
Time to last click on page showing QID109,QID110_LAST_CLICK,qualtrics_qsort_Last.Click,Numeric,0-Inf,Measured in seconds
Time to submission of page showing QID109,QID110_PAGE_SUBMIT,qualtrics_qsort_Page.Submit,Numeric,0-Inf,Measured in seconds
Total clicks on page showing QID109,QID110_CLICK_COUNT,qualtrics_qsort_Click.Count,Numeric,1-Inf,
Time to first click on page showing QID112,QID112_FIRST_CLICK,qualtrics_suvery_info_First.Click,Numeric,0-Inf,Measured in seconds
Time to last click on page showing QID112,QID112_LAST_CLICK,qualtrics_suvery_info_Last.Click,Numeric,0-Inf,Measured in seconds
Time to submission of page showing QID112,QID112_PAGE_SUBMIT,qualtrics_suvery_info_Page.Submit,Numeric,0-Inf,Measured in seconds
Total clicks on page showing QID112,QID112_CLICK_COUNT,qualtrics_suvery_info_Click.Count,Numeric,1-Inf,
Trust in science,QID49,trust_sci,Numeric,1-7,1 = Strongly distrust; 4 = neither distrust nor trust; 7 = strongly trust
Trust in climate action tracker,QID119,trust_cat,Numeric,1-7,1 = Strongly distrust; 4 = neither distrust nor trust; 7 = strongly trust
Time to first click on page showing QID49,QID203_FIRST_CLICK,trust_FIRST_CLICK,Numeric,0-Inf,Measured in seconds
Time to last click on page showing QID49,QID203_LAST_CLICK,trust_LAST_CLICK,Numeric,0-Inf,Measured in seconds
Time to submission of page showing QID49,QID203_PAGE_SUBMIT,trust_PAGE_SUBMIT,Numeric,0-Inf,Measured in seconds
Total clicks on page showing QID49,QID203_CLICK_COUNT,trust_CLICK_COUNT,Numeric,1-Inf,
cause_emissions_pre_1_1,QID271_1_1,cause_emissions_pre_1_1,Numeric,0-100,"First estimate for belief item. For specific item, see study3/stimuli/stimuli.csv, block = ""cause-RF-emitted-compound"", order = 1"
cause_emissions_pre_2_1,QID271_2_1,cause_emissions_pre_2_1,Numeric,0-100,"First estimate for belief item. For specific item, see study3/stimuli/stimuli.csv, block = ""cause-RF-emitted-compound"", order = 2"
cause_emissions_pre_3_1,QID271_3_1,cause_emissions_pre_3_1,Numeric,0-100,"First estimate for belief item. For specific item, see study3/stimuli/stimuli.csv, block = ""cause-RF-emitted-compound"", order = 3"
cause_emissions_pre_4_1,QID271_4_1,cause_emissions_pre_4_1,Numeric,0-100,"First estimate for belief item. For specific item, see study3/stimuli/stimuli.csv, block = ""cause-RF-emitted-compound"", order = 4"
cause_emissions_pre_5_1,QID271_5_1,cause_emissions_pre_5_1,Numeric,0-100,"First estimate for belief item. For specific item, see study3/stimuli/stimuli.csv, block = ""cause-RF-emitted-compound"", order = 5"
cause_emissions_pre_6_1,QID271_6_1,cause_emissions_pre_6_1,Numeric,0-100,"First estimate for belief item. For specific item, see study3/stimuli/stimuli.csv, block = ""cause-RF-emitted-compound"", order = 6"
Time to first click on page showing QID271,QID278_FIRST_CLICK,cause_emissions_pre_FIRST_CLICK,Numeric,0-Inf,Measured in seconds
Time to last click on page showing QID271,QID278_LAST_CLICK,cause_emissions_pre_LAST_CLICK,Numeric,0-Inf,Measured in seconds
Time to submission of page showing QID271,QID278_PAGE_SUBMIT,cause_emissions_pre_PAGE_SUBMIT,Numeric,0-Inf,Measured in seconds
Total clicks on page showing QID271,QID278_CLICK_COUNT,cause_emissions_pre_CLICK_COUNT,Numeric,1-Inf,
cause_emissions_post_1_1,QID272_1_1,cause_emissions_post_1_1,Numeric,0-100,"Second estimate for belief item. For specific item, see study3/stimuli/stimuli.csv, block = ""cause-RF-emitted-compound"", order = 1"
cause_emissions_post_2_1,QID272_2_1,cause_emissions_post_2_1,Numeric,0-100,"Second estimate for belief item. For specific item, see study3/stimuli/stimuli.csv, block = ""cause-RF-emitted-compound"", order = 2"
cause_emissions_post_3_1,QID272_3_1,cause_emissions_post_3_1,Numeric,0-100,"Second estimate for belief item. For specific item, see study3/stimuli/stimuli.csv, block = ""cause-RF-emitted-compound"", order = 3"
cause_emissions_post_4_1,QID272_4_1,cause_emissions_post_4_1,Numeric,0-100,"Second estimate for belief item. For specific item, see study3/stimuli/stimuli.csv, block = ""cause-RF-emitted-compound"", order = 4"
cause_emissions_post_5_1,QID272_5_1,cause_emissions_post_5_1,Numeric,0-100,"Second estimate for belief item. For specific item, see study3/stimuli/stimuli.csv, block = ""cause-RF-emitted-compound"", order = 5"
cause_emissions_post_6_1,QID272_6_1,cause_emissions_post_6_1,Numeric,0-100,"Second estimate for belief item. For specific item, see study3/stimuli/stimuli.csv, block = ""cause-RF-emitted-compound"", order = 6"
Time to first click on page showing QID272,QID279_FIRST_CLICK,cause_emissions_post_FIRST_CLICK,Numeric,0-Inf,Measured in seconds
Time to last click on page showing QID272,QID279_LAST_CLICK,cause_emissions_post_LAST_CLICK,Numeric,0-Inf,Measured in seconds
Time to submission of page showing QID272,QID279_PAGE_SUBMIT,cause_emissions_post_PAGE_SUBMIT,Numeric,0-Inf,Measured in seconds
Total clicks on page showing QID272,QID279_CLICK_COUNT,cause_emissions_post_CLICK_COUNT,Numeric,1-Inf,
cause_activity_pre_1_1,QID276_1_1,cause_activity_pre_1_1,Numeric,0-100,"First estimate for belief item. For specific item, see study3/stimuli/stimuli.csv, block = ""cause-GHG-eq"", order = 1"
cause_activity_pre_2_1,QID276_2_1,cause_activity_pre_2_1,Numeric,0-100,"First estimate for belief item. For specific item, see study3/stimuli/stimuli.csv, block = ""cause-GHG-eq"", order = 2"
cause_activity_pre_3_1,QID276_3_1,cause_activity_pre_3_1,Numeric,0-100,"First estimate for belief item. For specific item, see study3/stimuli/stimuli.csv, block = ""cause-GHG-eq"", order = 3"
cause_activity_pre_4_1,QID276_4_1,cause_activity_pre_4_1,Numeric,0-100,"First estimate for belief item. For specific item, see study3/stimuli/stimuli.csv, block = ""cause-GHG-eq"", order = 4"
cause_activity_pre_5_1,QID276_5_1,cause_activity_pre_5_1,Numeric,0-100,"First estimate for belief item. For specific item, see study3/stimuli/stimuli.csv, block = ""cause-GHG-eq"", order = 5"
cause_activity_pre_6_1,QID276_6_1,cause_activity_pre_6_1,Numeric,0-100,"First estimate for belief item. For specific item, see study3/stimuli/stimuli.csv, block = ""cause-GHG-eq"", order = 6"
cause_activity_post_1_1,QID277_1_1,cause_activity_post_1_1,Numeric,0-100,"Second estimate for belief item. For specific item, see study3/stimuli/stimuli.csv, block = ""cause-GHG-eq"", order = 1"
cause_activity_post_2_1,QID277_2_1,cause_activity_post_2_1,Numeric,0-100,"Second estimate for belief item. For specific item, see study3/stimuli/stimuli.csv, block = ""cause-GHG-eq"", order = 2"
cause_activity_post_3_1,QID277_3_1,cause_activity_post_3_1,Numeric,0-100,"Second estimate for belief item. For specific item, see study3/stimuli/stimuli.csv, block = ""cause-GHG-eq"", order = 3"
cause_activity_post_4_1,QID277_4_1,cause_activity_post_4_1,Numeric,0-100,"Second estimate for belief item. For specific item, see study3/stimuli/stimuli.csv, block = ""cause-GHG-eq"", order = 4"
cause_activity_post_5_1,QID277_5_1,cause_activity_post_5_1,Numeric,0-100,"Second estimate for belief item. For specific item, see study3/stimuli/stimuli.csv, block = ""cause-GHG-eq"", order = 5"
cause_activity_post_6_1,QID277_6_1,cause_activity_post_6_1,Numeric,0-100,"Second estimate for belief item. For specific item, see study3/stimuli/stimuli.csv, block = ""cause-GHG-eq"", order = 6"
Time to first click on page showing QID276 & QID277,QID283_FIRST_CLICK,cause_activity_post_FIRST_CLICK,Numeric,0-Inf,Measured in seconds
Time to last click on page showing QID276 & QID277,QID283_LAST_CLICK,cause_activity_post_LAST_CLICK,Numeric,0-Inf,Measured in seconds
Time to submission of page showing QID276 & QID277,QID283_PAGE_SUBMIT,cause_activity_post_PAGE_SUBMIT,Numeric,0-Inf,Measured in seconds
Total clicks on page showing QID276 & QID277,QID283_CLICK_COUNT,cause_activity_post_CLICK_COUNT,Numeric,1-Inf,
conseq_pre_1_1,QID290_1_1,conseq_pre_1_1,Numeric,0-100,"First estimate for belief item. For specific item, see study3/stimuli/stimuli.csv, block = ""consequence"", order = 1"
conseq_pre_17_1,QID290_17_1,conseq_pre_17_1,Numeric,0-100,"First estimate for belief item. For specific item, see study3/stimuli/stimuli.csv, block = ""consequence"", order = 2"
conseq_pre_18_1,QID290_18_1,conseq_pre_18_1,Numeric,0-100,"First estimate for belief item. For specific item, see study3/stimuli/stimuli.csv, block = ""consequence"", order = 3"
conseq_pre_39_1,QID290_39_1,conseq_pre_39_1,Numeric,0-100,"First estimate for belief item. For specific item, see study3/stimuli/stimuli.csv, block = ""consequence"", order = 4"
conseq_pre_56_1,QID290_56_1,conseq_pre_56_1,Numeric,0-100,"First estimate for belief item. For specific item, see study3/stimuli/stimuli.csv, block = ""consequence"", order = 5"
conseq_pre_40_1,QID290_40_1,conseq_pre_40_1,Numeric,0-100,"First estimate for belief item. For specific item, see study3/stimuli/stimuli.csv, block = ""consequence"", order = 6"
conseq_pre_41_1,QID290_41_1,conseq_pre_41_1,Numeric,0-100,"First estimate for belief item. For specific item, see study3/stimuli/stimuli.csv, block = ""consequence"", order = 7"
conseq_pre_42_1,QID290_42_1,conseq_pre_42_1,Numeric,0-100,"First estimate for belief item. For specific item, see study3/stimuli/stimuli.csv, block = ""consequence"", order = 8"
conseq_pre_43_1,QID290_43_1,conseq_pre_43_1,Numeric,0-100,"First estimate for belief item. For specific item, see study3/stimuli/stimuli.csv, block = ""consequence"", order = 9"
Time to first click on page showing Q110,QID287_FIRST_CLICK,conseq_pre_FIRST_CLICK,Numeric,0-Inf,Measured in seconds
Time to last click on page showing Q110,QID287_LAST_CLICK,conseq_pre_LAST_CLICK,Numeric,0-Inf,Measured in seconds
Time to submission of page showing Q110,QID287_PAGE_SUBMIT,conseq_pre_PAGE_SUBMIT,Numeric,0-Inf,Measured in seconds
Total clicks on page showing Q110,QID287_CLICK_COUNT,conseq_pre_CLICK_COUNT,Numeric,1-Inf,
conseq_post_1_1,QID286_1_1,conseq_post_1_1,Numeric,0-100,"Second estimate for belief item. For specific item, see study3/stimuli/stimuli.csv, block = ""consequence"", order = 1"
conseq_post_17_1,QID286_17_1,conseq_post_17_1,Numeric,0-100,"Second estimate for belief item. For specific item, see study3/stimuli/stimuli.csv, block = ""consequence"", order = 2"
conseq_post_18_1,QID286_18_1,conseq_post_18_1,Numeric,0-100,"Second estimate for belief item. For specific item, see study3/stimuli/stimuli.csv, block = ""consequence"", order = 3"
conseq_post_39_1,QID286_39_1,conseq_post_39_1,Numeric,0-100,"Second estimate for belief item. For specific item, see study3/stimuli/stimuli.csv, block = ""consequence"", order = 4"
conseq_post_56_1,QID286_56_1,conseq_post_56_1,Numeric,0-100,"Second estimate for belief item. For specific item, see study3/stimuli/stimuli.csv, block = ""consequence"", order = 5"
conseq_post_40_1,QID286_40_1,conseq_post_40_1,Numeric,0-100,"Second estimate for belief item. For specific item, see study3/stimuli/stimuli.csv, block = ""consequence"", order = 6"
conseq_post_41_1,QID286_41_1,conseq_post_41_1,Numeric,0-100,"Second estimate for belief item. For specific item, see study3/stimuli/stimuli.csv, block = ""consequence"", order = 7"
conseq_post_42_1,QID286_42_1,conseq_post_42_1,Numeric,0-100,"Second estimate for belief item. For specific item, see study3/stimuli/stimuli.csv, block = ""consequence"", order = 8"
conseq_post_43_1,QID286_43_1,conseq_post_43_1,Numeric,0-100,"Second estimate for belief item. For specific item, see study3/stimuli/stimuli.csv, block = ""consequence"", order = 9"
Time to first click on page showing QID286,QID288_FIRST_CLICK,conseq_post_FIRST_CLICK,Numeric,0-Inf,Measured in seconds
Time to last click on page showing QID286,QID288_LAST_CLICK,conseq_post_LAST_CLICK,Numeric,0-Inf,Measured in seconds
Time to submission of page showing QID286,QID288_PAGE_SUBMIT,conseq_post_PAGE_SUBMIT,Numeric,0-Inf,Measured in seconds
Total clicks on page showing QID286,QID288_CLICK_COUNT,conseq_post_CLICK_COUNT,Numeric,1-Inf,
cause_gen_pre_1_1,QID274_1_1,cause_gen_pre_1_1,Numeric,0-100,"First estimate for belief item. For specific item, see study3/stimuli/stimuli.csv, block = ""cause-RF-anthropogenic"", order = 1"
cause_gen_pre_2_1,QID274_2_1,cause_gen_pre_2_1,Numeric,0-100,"First estimate for belief item. For specific item, see study3/stimuli/stimuli.csv, block = ""cause-RF-anthropogenic"", order = 2"
Time to first click on page showing QID274,QID280_FIRST_CLICK,cause_gen_pre_FIRST_CLICK,Numeric,0-Inf,Measured in seconds
Time to last click on page showing QID274,QID280_LAST_CLICK,cause_gen_pre_LAST_CLICK,Numeric,0-Inf,Measured in seconds
Time to submission of page showing QID274,QID280_PAGE_SUBMIT,cause_gen_pre_PAGE_SUBMIT,Numeric,0-Inf,Measured in seconds
Total clicks on page showing QID274,QID280_CLICK_COUNT,cause_gen_pre_CLICK_COUNT,Numeric,1-Inf,
cause_gen_post_1_1,QID275_1_1,cause_gen_post_1_1,Numeric,0-100,"Second estimate for belief item. For specific item, see study3/stimuli/stimuli.csv, block = ""cause-RF-anthropogenic"", order = 1"
cause_gen_post_2_1,QID275_2_1,cause_gen_post_2_1,Numeric,0-100,"Second estimate for belief item. For specific item, see study3/stimuli/stimuli.csv, block = ""cause-RF-anthropogenic"", order = 2"
Time to first click on page showing Q110,QID281_FIRST_CLICK,cause_gen_post_FIRST_CLICK,Numeric,0-Inf,Measured in seconds
Time to last click on page showing Q110,QID281_LAST_CLICK,cause_gen_post_LAST_CLICK,Numeric,0-Inf,Measured in seconds
Time to submission of page showing Q110,QID281_PAGE_SUBMIT,cause_gen_post_PAGE_SUBMIT,Numeric,0-Inf,Measured in seconds
Total clicks on page showing Q110,QID281_CLICK_COUNT,cause_gen_post_CLICK_COUNT,Numeric,1-Inf,
mitig_approve_pre_1,QID260_1,mitig_approve_pre_1,Numeric,1-7,"First estimate of ""I approve of the Emissions Reduction Fund"" (1 = strongly disagree; 4 = ""neither agree nor disagree"", 7 = ""strongly agree"")"
mitig_approve_pre_2,QID260_2,mitig_approve_pre_2,Numeric,1-7,"First estimate of ""I approve of Australia's current climate change policies (including the Emissions Reduction Fund)"" (1 = strongly disagree; 4 = ""neither agree nor disagree"", 7 = ""strongly agree"")"
mitig_success_pre,QID190_TEXT,mitig_success_pre,Numeric,0-100,"First estimate of ""Under current policies in place (including the Emissions Reduction Fund), how likely (as a percentage) is it that Australia will successfully meet its commitment to the Paris Agreement?"", measured as a percentage"
mitig_direction_pre,QID261.1_1,mitig_direction_pre,Numeric,1-3,"First estimate of ""Under current policies in place (including the Emissions Reduction Fund), what will be the change in Australia’s carbon dioxide emissions by the year 2030 (compared to 2005 levels)? Please select the direction of change from the dropdown menu below."" 1 = ""Increase by"", 2 = ""No change"", 3 = ""Decrease by"""
mitig_amount_pre,QID261.2_1_1,mitig_amount_pre,Numeric,0-Inf,"First estimate of ""Under current policies in place (including the Emissions Reduction Fund), what will be the change in Australia’s carbon dioxide emissions by the year 2030 (compared to 2005 levels)? ... Enter an amount of change as a percentage of current emissions."""
Time to first click on page showing QID190,QID193_FIRST_CLICK,mitig_pre_FIRST_CLICK,Numeric,0-Inf,Measured in seconds
Time to last click on page showing QID190,QID193_LAST_CLICK,mitig_pre_LAST_CLICK,Numeric,0-Inf,Measured in seconds
Time to submission of page showing QID190,QID193_PAGE_SUBMIT,mitig_pre_PAGE_SUBMIT,Numeric,0-Inf,Measured in seconds
Total clicks on page showing QID190,QID193_CLICK_COUNT,mitig_pre_CLICK_COUNT,Numeric,1-Inf,
mitig_approve_post_1,QID294_1,mitig_approve_post_1,Numeric,1-7,"Second estimate of ""I approve of the Emissions Reduction Fund"" (1 = strongly disagree; 4 = ""neither agree nor disagree"", 7 = ""strongly agree"")"
mitig_approve_post_2,QID294_2,mitig_approve_post_2,Numeric,1-7,"Second estimate of ""I approve of Australia's current climate change policies (including the Emissions Reduction Fund)"" (1 = strongly disagree; 4 = ""neither agree nor disagree"", 7 = ""strongly agree"")"
mitig_success_post,QID295_TEXT,mitig_success_post,Numeric,0-100,"Second estimate of ""Under current policies in place (including the Emissions Reduction Fund), how likely (as a percentage) is it that Australia will successfully meet its commitment to the Paris Agreement?"", measured as a percentage"
mitig_direction_1_post,QID259.1_1,mitig_direction_1_post,Numeric,1-3,"Second estimate of ""Under current policies in place (including the Emissions Reduction Fund), what will be the change in Australia’s carbon dioxide emissions by the year 2030 (compared to 2005 levels)? Please select the direction of change from the dropdown menu below."" 1 = ""Increase by"", 2 = ""No change"", 3 = ""Decrease by"". This question displays participants first estimate, but no associated percentage change (only given to those that indicated 2/""no change"" for QID261.2_1_1"
mitig_amount_1_post,QID259.2_1_1,mitig_amount_1_post,Numeric,0-Inf,"Second estimate of ""Under current policies in place (including the Emissions Reduction Fund), what will be the change in Australia’s carbon dioxide emissions by the year 2030 (compared to 2005 levels)? ... Enter an amount of change as a percentage of current emissions."". This question displays participants first estimate, but no associated percentage change (only given to those that indicated 2/""no change"" for QID261.2_1_1"
mitig_direction_2_post,QID300.1_1,mitig_direction_2_post,Numeric,1-3,"Second estimate of ""Under current policies in place (including the Emissions Reduction Fund), what will be the change in Australia’s carbon dioxide emissions by the year 2030 (compared to 2005 levels)? Please select the direction of change from the dropdown menu below."" 1 = ""Increase by"", 2 = ""No change"", 3 = ""Decrease by"". This question displays participants first estimate and percentage change (only given to those that did not indicate 2/""no change"" for QID261.2_1_1."
mitig_amount_2_post,QID300.2_1_1,mitig_amount_2_post,Numeric,0-Inf,"Second estimate of ""Under current policies in place (including the Emissions Reduction Fund), what will be the change in Australia’s carbon dioxide emissions by the year 2030 (compared to 2005 levels)? ... Enter an amount of change as a percentage of current emissions"". This question displays participants first estimate and percentage change (only given to those that did not indicate 2/""no change"" for QID261.2_1_1."
Time to first click on page showing Q110,QID213_FIRST_CLICK,mitig_post_FIRST_CLICK,Numeric,0-Inf,Measured in seconds
Time to last click on page showing Q110,QID213_LAST_CLICK,mitig_post_LAST_CLICK,Numeric,0-Inf,Measured in seconds
Time to submission of page showing Q110,QID213_PAGE_SUBMIT,mitig_post_PAGE_SUBMIT,Numeric,0-Inf,Measured in seconds
Total clicks on page showing Q110,QID213_CLICK_COUNT,mitig_post_CLICK_COUNT,Numeric,1-Inf,
conseq_sentiment_1,QID313_1,conseq_sentiment_1,Numeric,1-5,"Participant response to ""for each of the following climate events, we'd like you to evaluate that outcome by indicating how positive or negative you feel that event is:"" (1 = ""very negative"", 2 = ""negative"", 3 = ""neutral"", 4 = ""positive"", 5 = ""very positive"") for an event corresponding to study3/stimuli/stimuli.csv, block = ""consequence"", order = 1"
conseq_sentiment_14,QID313_14,conseq_sentiment_14,Numeric,1-5,"Participant response to ""for each of the following climate events, we'd like you to evaluate that outcome by indicating how positive or negative you feel that event is:"" (1 = ""very negative"", 2 = ""negative"", 3 = ""neutral"", 4 = ""positive"", 5 = ""very positive"") for an event corresponding to study3/stimuli/stimuli.csv, block = ""consequence"", order = 2"
conseq_sentiment_15,QID313_15,conseq_sentiment_15,Numeric,1-5,"Participant response to ""for each of the following climate events, we'd like you to evaluate that outcome by indicating how positive or negative you feel that event is:"" (1 = ""very negative"", 2 = ""negative"", 3 = ""neutral"", 4 = ""positive"", 5 = ""very positive"") for an event corresponding to study3/stimuli/stimuli.csv, block = ""consequence"", order = 3"
conseq_sentiment_16,QID313_16,conseq_sentiment_16,Numeric,1-5,"Participant response to ""for each of the following climate events, we'd like you to evaluate that outcome by indicating how positive or negative you feel that event is:"" (1 = ""very negative"", 2 = ""negative"", 3 = ""neutral"", 4 = ""positive"", 5 = ""very positive"") for an event corresponding to study3/stimuli/stimuli.csv, block = ""consequence"", order = 4"
conseq_sentiment_17,QID313_17,conseq_sentiment_17,Numeric,1-5,"Participant response to ""for each of the following climate events, we'd like you to evaluate that outcome by indicating how positive or negative you feel that event is:"" (1 = ""very negative"", 2 = ""negative"", 3 = ""neutral"", 4 = ""positive"", 5 = ""very positive"") for an event corresponding to study3/stimuli/stimuli.csv, block = ""consequence"", order = 5"
conseq_sentiment_18,QID313_18,conseq_sentiment_18,Numeric,1-5,"Participant response to ""for each of the following climate events, we'd like you to evaluate that outcome by indicating how positive or negative you feel that event is:"" (1 = ""very negative"", 2 = ""negative"", 3 = ""neutral"", 4 = ""positive"", 5 = ""very positive"") for an event corresponding to study3/stimuli/stimuli.csv, block = ""consequence"", order = 6"
conseq_sentiment_19,QID313_19,conseq_sentiment_19,Numeric,1-5,"Participant response to ""for each of the following climate events, we'd like you to evaluate that outcome by indicating how positive or negative you feel that event is:"" (1 = ""very negative"", 2 = ""negative"", 3 = ""neutral"", 4 = ""positive"", 5 = ""very positive"") for an event corresponding to study3/stimuli/stimuli.csv, block = ""consequence"", order = 7"
conseq_sentiment_20,QID313_20,conseq_sentiment_20,Numeric,1-5,"Participant response to ""for each of the following climate events, we'd like you to evaluate that outcome by indicating how positive or negative you feel that event is:"" (1 = ""very negative"", 2 = ""negative"", 3 = ""neutral"", 4 = ""positive"", 5 = ""very positive"") for an event corresponding to study3/stimuli/stimuli.csv, block = ""consequence"", order = 8"
conseq_sentiment_21,QID313_21,conseq_sentiment_21,Numeric,1-5,"Participant response to ""for each of the following climate events, we'd like you to evaluate that outcome by indicating how positive or negative you feel that event is:"" (1 = ""very negative"", 2 = ""negative"", 3 = ""neutral"", 4 = ""positive"", 5 = ""very positive"") for an event corresponding to study3/stimuli/stimuli.csv, block = ""consequence"", order = 9"
Time to first click on page showing QID113,QID317_FIRST_CLICK,conseq_sentiment_FIRST_CLICK,Numeric,0-Inf,Measured in seconds
Time to last click on page showing QID113,QID317_LAST_CLICK,conseq_sentiment_LAST_CLICK,Numeric,0-Inf,Measured in seconds
Time to submission of page showing QID113,QID317_PAGE_SUBMIT,conseq_sentiment_PAGE_SUBMIT,Numeric,0-Inf,Measured in seconds
Total clicks on page showing QID113,QID317_CLICK_COUNT,conseq_sentiment_CLICK_COUNT,Numeric,1-Inf,
mitig_sentiment,QID320,mitig_sentiment,Numeric,1-5,"Participant response to ""If Australia met its commitment to the Paris agreement, how positive or negative would you feel about that?"" (1 = ""very negative"", 2 = ""negative"", 3 = ""neutral"", 4 = ""positive"", 5 = ""very positive"")"
Time to first click on page showing QID320,QID315_FIRST_CLICK,mitig_sentiment_FIRST_CLICK,Numeric,0-Inf,Measured in seconds
Time to last click on page showing QID320,QID315_LAST_CLICK,mitig_sentiment_LAST_CLICK,Numeric,0-Inf,Measured in seconds
Time to submission of page showing QID320,QID315_PAGE_SUBMIT,mitig_sentiment_PAGE_SUBMIT,Numeric,0-Inf,Measured in seconds
Total clicks on page showing QID320,QID315_CLICK_COUNT,mitig_sentiment_CLICK_COUNT,Numeric,1-Inf,
Time to complete,Q_TotalDuration,,Numeric,0-Inf,Total time to complete survey (measured in seconds)
Display format,condition,condition,Numeric,,Irrelevant internal variable from older version of the task.
Q sort ID,UniqueID,qualtrics_qsort_id,Numeric,0-9999999,Randomly assigned number to each participant. Used to link Qualtrics data with Q sort data.
Q sort character ID,CharID,qs,Text,0000000-9999999,"As per UniqueID, but text"
Q sort password,code,pass,Numeric,0-9999999,A password that corresponds to UniqueID/CharID. Participants recieve this after completing the Q sort. The password must be entered into Qualtrics to continue with the survey.
Latin Square,int,ls,Numeric,"Number indicates the order of adminstration of belief updating task scales (e.g., 1 = ""cause-s"" ""conseq"" ""cause-m"" ""mitig""). Number corresponds to the row of study3/stimuli/latin-square.txt. cause-s = cause_emissions = cause_activity; conseq = conseq; cause-m = cause_gen; mitig = mitig.",
Completed survey,gc,,Numeric,1,"Score of ""1"" indicates entire survey is completed"
NULL,term,,NULL,NULL,NULL
Panel Info,LS,,Text,Varies,"Irrelevant for analysis, related to panel provider"
Internal ID,id,id,Numeric,1-Inf,Internal ID assigned to participants
Completion Order,completion_order,completion_order,Numeric,1-Inf,"Order in which participants completed the survey. That is, completion_order = 1 was first participant to complete survey."
Preference assigned to statement order = 1,study-2-qsort.csv - Column 1,pref_sta_1,Text,"""Like"", ""Neutral"", ""Unlike""","Participant indicated whether a statement was like their point of view (3 categorical options). For specific statement, see study2/studyd/q-statement-ordered.csv."
Preference assigned to statement order = 2,study-2-qsort.csv - Column 2,pref_sta_2,Text,"""Like"", ""Neutral"", ""Unlike""","Participant indicated whether a statement was like their point of view (3 categorical options). For specific statement, see study2/studyd/q-statement-ordered.csv."
Preference assigned to statement order = 3,study-2-qsort.csv - Column 3,pref_sta_3,Text,"""Like"", ""Neutral"", ""Unlike""","Participant indicated whether a statement was like their point of view (3 categorical options). For specific statement, see study2/studyd/q-statement-ordered.csv."
Preference assigned to statement order = 4,study-2-qsort.csv - Column 4,pref_sta_4,Text,"""Like"", ""Neutral"", ""Unlike""","Participant indicated whether a statement was like their point of view (3 categorical options). For specific statement, see study2/studyd/q-statement-ordered.csv."
Preference assigned to statement order = 5,study-2-qsort.csv - Column 5,pref_sta_5,Text,"""Like"", ""Neutral"", ""Unlike""","Participant indicated whether a statement was like their point of view (3 categorical options). For specific statement, see study2/studyd/q-statement-ordered.csv."
Preference assigned to statement order = 6,study-2-qsort.csv - Column 6,pref_sta_6,Text,"""Like"", ""Neutral"", ""Unlike""","Participant indicated whether a statement was like their point of view (3 categorical options). For specific statement, see study2/studyd/q-statement-ordered.csv."
Preference assigned to statement order = 7,study-2-qsort.csv - Column 7,pref_sta_7,Text,"""Like"", ""Neutral"", ""Unlike""","Participant indicated whether a statement was like their point of view (3 categorical options). For specific statement, see study2/studyd/q-statement-ordered.csv."
Preference assigned to statement order = 8,study-2-qsort.csv - Column 8,pref_sta_8,Text,"""Like"", ""Neutral"", ""Unlike""","Participant indicated whether a statement was like their point of view (3 categorical options). For specific statement, see study2/studyd/q-statement-ordered.csv."
Preference assigned to statement order = 9,study-2-qsort.csv - Column 9,pref_sta_9,Text,"""Like"", ""Neutral"", ""Unlike""","Participant indicated whether a statement was like their point of view (3 categorical options). For specific statement, see study2/studyd/q-statement-ordered.csv."
Preference assigned to statement order = 10,study-2-qsort.csv - Column 10,pref_sta_10,Text,"""Like"", ""Neutral"", ""Unlike""","Participant indicated whether a statement was like their point of view (3 categorical options). For specific statement, see study2/studyd/q-statement-ordered.csv."
Preference assigned to statement order = 11,study-2-qsort.csv - Column 11,pref_sta_11,Text,"""Like"", ""Neutral"", ""Unlike""","Participant indicated whether a statement was like their point of view (3 categorical options). For specific statement, see study2/studyd/q-statement-ordered.csv."
Preference assigned to statement order = 12,study-2-qsort.csv - Column 12,pref_sta_12,Text,"""Like"", ""Neutral"", ""Unlike""","Participant indicated whether a statement was like their point of view (3 categorical options). For specific statement, see study2/studyd/q-statement-ordered.csv."
Preference assigned to statement order = 13,study-2-qsort.csv - Column 13,pref_sta_13,Text,"""Like"", ""Neutral"", ""Unlike""","Participant indicated whether a statement was like their point of view (3 categorical options). For specific statement, see study2/studyd/q-statement-ordered.csv."
Preference assigned to statement order = 14,study-2-qsort.csv - Column 14,pref_sta_14,Text,"""Like"", ""Neutral"", ""Unlike""","Participant indicated whether a statement was like their point of view (3 categorical options). For specific statement, see study2/studyd/q-statement-ordered.csv."
Preference assigned to statement order = 15,study-2-qsort.csv - Column 15,pref_sta_15,Text,"""Like"", ""Neutral"", ""Unlike""","Participant indicated whether a statement was like their point of view (3 categorical options). For specific statement, see study2/studyd/q-statement-ordered.csv."
Preference assigned to statement order = 16,study-2-qsort.csv - Column 16,pref_sta_16,Text,"""Like"", ""Neutral"", ""Unlike""","Participant indicated whether a statement was like their point of view (3 categorical options). For specific statement, see study2/studyd/q-statement-ordered.csv."
Preference assigned to statement order = 17,study-2-qsort.csv - Column 17,pref_sta_17,Text,"""Like"", ""Neutral"", ""Unlike""","Participant indicated whether a statement was like their point of view (3 categorical options). For specific statement, see study2/studyd/q-statement-ordered.csv."
Preference assigned to statement order = 18,study-2-qsort.csv - Column 18,pref_sta_18,Text,"""Like"", ""Neutral"", ""Unlike""","Participant indicated whether a statement was like their point of view (3 categorical options). For specific statement, see study2/studyd/q-statement-ordered.csv."
Preference assigned to statement order = 19,study-2-qsort.csv - Column 19,pref_sta_19,Text,"""Like"", ""Neutral"", ""Unlike""","Participant indicated whether a statement was like their point of view (3 categorical options). For specific statement, see study2/studyd/q-statement-ordered.csv."
Preference assigned to statement order = 20,study-2-qsort.csv - Column 20,pref_sta_20,Text,"""Like"", ""Neutral"", ""Unlike""","Participant indicated whether a statement was like their point of view (3 categorical options). For specific statement, see study2/studyd/q-statement-ordered.csv."
Preference assigned to statement order = 21,study-2-qsort.csv - Column 21,pref_sta_21,Text,"""Like"", ""Neutral"", ""Unlike""","Participant indicated whether a statement was like their point of view (3 categorical options). For specific statement, see study2/studyd/q-statement-ordered.csv."
Preference assigned to statement order = 22,study-2-qsort.csv - Column 22,pref_sta_22,Text,"""Like"", ""Neutral"", ""Unlike""","Participant indicated whether a statement was like their point of view (3 categorical options). For specific statement, see study2/studyd/q-statement-ordered.csv."
Preference assigned to statement order = 23,study-2-qsort.csv - Column 23,pref_sta_23,Text,"""Like"", ""Neutral"", ""Unlike""","Participant indicated whether a statement was like their point of view (3 categorical options). For specific statement, see study2/studyd/q-statement-ordered.csv."
Preference assigned to statement order = 24,study-2-qsort.csv - Column 24,pref_sta_24,Text,"""Like"", ""Neutral"", ""Unlike""","Participant indicated whether a statement was like their point of view (3 categorical options). For specific statement, see study2/studyd/q-statement-ordered.csv."
Preference assigned to statement order = 25,study-2-qsort.csv - Column 25,pref_sta_25,Text,"""Like"", ""Neutral"", ""Unlike""","Participant indicated whether a statement was like their point of view (3 categorical options). For specific statement, see study2/studyd/q-statement-ordered.csv."
Preference assigned to statement order = 26,study-2-qsort.csv - Column 26,pref_sta_26,Text,"""Like"", ""Neutral"", ""Unlike""","Participant indicated whether a statement was like their point of view (3 categorical options). For specific statement, see study2/studyd/q-statement-ordered.csv."
Preference assigned to statement order = 27,study-2-qsort.csv - Column 27,pref_sta_27,Text,"""Like"", ""Neutral"", ""Unlike""","Participant indicated whether a statement was like their point of view (3 categorical options). For specific statement, see study2/studyd/q-statement-ordered.csv."
Preference assigned to statement order = 28,study-2-qsort.csv - Column 28,pref_sta_28,Text,"""Like"", ""Neutral"", ""Unlike""","Participant indicated whether a statement was like their point of view (3 categorical options). For specific statement, see study2/studyd/q-statement-ordered.csv."
Preference assigned to statement order = 29,study-2-qsort.csv - Column 29,pref_sta_29,Text,"""Like"", ""Neutral"", ""Unlike""","Participant indicated whether a statement was like their point of view (3 categorical options). For specific statement, see study2/studyd/q-statement-ordered.csv."
Preference assigned to statement order = 30,study-2-qsort.csv - Column 30,pref_sta_30,Text,"""Like"", ""Neutral"", ""Unlike""","Participant indicated whether a statement was like their point of view (3 categorical options). For specific statement, see study2/studyd/q-statement-ordered.csv."
"Reason for placing at extreme, statement order = 1",study-2-qsort.csv - Column 31,reason_sta_1,Text,Open-ended / NA,"Participants justification for rating this statemant as the one most like/unlike their most of view. ""NA"" indicates participant did not place this statement at an extreme. For specific statement, see study2/studyd/q-statement-ordered.csv."
"Reason for placing at extreme, statement order = 2",study-2-qsort.csv - Column 32,reason_sta_2,Text,Open-ended / NA,"Participants justification for rating this statemant as the one most like/unlike their most of view. ""NA"" indicates participant did not place this statement at an extreme. For specific statement, see study2/studyd/q-statement-ordered.csv."
"Reason for placing at extreme, statement order = 3",study-2-qsort.csv - Column 33,reason_sta_3,Text,Open-ended / NA,"Participants justification for rating this statemant as the one most like/unlike their most of view. ""NA"" indicates participant did not place this statement at an extreme. For specific statement, see study2/studyd/q-statement-ordered.csv."
"Reason for placing at extreme, statement order = 4",study-2-qsort.csv - Column 34,reason_sta_4,Text,Open-ended / NA,"Participants justification for rating this statemant as the one most like/unlike their most of view. ""NA"" indicates participant did not place this statement at an extreme. For specific statement, see study2/studyd/q-statement-ordered.csv."
"Reason for placing at extreme, statement order = 5",study-2-qsort.csv - Column 35,reason_sta_5,Text,Open-ended / NA,"Participants justification for rating this statemant as the one most like/unlike their most of view. ""NA"" indicates participant did not place this statement at an extreme. For specific statement, see study2/studyd/q-statement-ordered.csv."
"Reason for placing at extreme, statement order = 6",study-2-qsort.csv - Column 36,reason_sta_6,Text,Open-ended / NA,"Participants justification for rating this statemant as the one most like/unlike their most of view. ""NA"" indicates participant did not place this statement at an extreme. For specific statement, see study2/studyd/q-statement-ordered.csv."
"Reason for placing at extreme, statement order = 7",study-2-qsort.csv - Column 37,reason_sta_7,Text,Open-ended / NA,"Participants justification for rating this statemant as the one most like/unlike their most of view. ""NA"" indicates participant did not place this statement at an extreme. For specific statement, see study2/studyd/q-statement-ordered.csv."
"Reason for placing at extreme, statement order = 8",study-2-qsort.csv - Column 38,reason_sta_8,Text,Open-ended / NA,"Participants justification for rating this statemant as the one most like/unlike their most of view. ""NA"" indicates participant did not place this statement at an extreme. For specific statement, see study2/studyd/q-statement-ordered.csv."
"Reason for placing at extreme, statement order = 9",study-2-qsort.csv - Column 39,reason_sta_9,Text,Open-ended / NA,"Participants justification for rating this statemant as the one most like/unlike their most of view. ""NA"" indicates participant did not place this statement at an extreme. For specific statement, see study2/studyd/q-statement-ordered.csv."
"Reason for placing at extreme, statement order = 10",study-2-qsort.csv - Column 40,reason_sta_10,Text,Open-ended / NA,"Participants justification for rating this statemant as the one most like/unlike their most of view. ""NA"" indicates participant did not place this statement at an extreme. For specific statement, see study2/studyd/q-statement-ordered.csv."
"Reason for placing at extreme, statement order = 11",study-2-qsort.csv - Column 41,reason_sta_11,Text,Open-ended / NA,"Participants justification for rating this statemant as the one most like/unlike their most of view. ""NA"" indicates participant did not place this statement at an extreme. For specific statement, see study2/studyd/q-statement-ordered.csv."
"Reason for placing at extreme, statement order = 12",study-2-qsort.csv - Column 42,reason_sta_12,Text,Open-ended / NA,"Participants justification for rating this statemant as the one most like/unlike their most of view. ""NA"" indicates participant did not place this statement at an extreme. For specific statement, see study2/studyd/q-statement-ordered.csv."
"Reason for placing at extreme, statement order = 13",study-2-qsort.csv - Column 43,reason_sta_13,Text,Open-ended / NA,"Participants justification for rating this statemant as the one most like/unlike their most of view. ""NA"" indicates participant did not place this statement at an extreme. For specific statement, see study2/studyd/q-statement-ordered.csv."
"Reason for placing at extreme, statement order = 14",study-2-qsort.csv - Column 44,reason_sta_14,Text,Open-ended / NA,"Participants justification for rating this statemant as the one most like/unlike their most of view. ""NA"" indicates participant did not place this statement at an extreme. For specific statement, see study2/studyd/q-statement-ordered.csv."
"Reason for placing at extreme, statement order = 15",study-2-qsort.csv - Column 45,reason_sta_15,Text,Open-ended / NA,"Participants justification for rating this statemant as the one most like/unlike their most of view. ""NA"" indicates participant did not place this statement at an extreme. For specific statement, see study2/studyd/q-statement-ordered.csv."
"Reason for placing at extreme, statement order = 16",study-2-qsort.csv - Column 46,reason_sta_16,Text,Open-ended / NA,"Participants justification for rating this statemant as the one most like/unlike their most of view. ""NA"" indicates participant did not place this statement at an extreme. For specific statement, see study2/studyd/q-statement-ordered.csv."
"Reason for placing at extreme, statement order = 17",study-2-qsort.csv - Column 47,reason_sta_17,Text,Open-ended / NA,"Participants justification for rating this statemant as the one most like/unlike their most of view. ""NA"" indicates participant did not place this statement at an extreme. For specific statement, see study2/studyd/q-statement-ordered.csv."
"Reason for placing at extreme, statement order = 18",study-2-qsort.csv - Column 48,reason_sta_18,Text,Open-ended / NA,"Participants justification for rating this statemant as the one most like/unlike their most of view. ""NA"" indicates participant did not place this statement at an extreme. For specific statement, see study2/studyd/q-statement-ordered.csv."
"Reason for placing at extreme, statement order = 19",study-2-qsort.csv - Column 49,reason_sta_19,Text,Open-ended / NA,"Participants justification for rating this statemant as the one most like/unlike their most of view. ""NA"" indicates participant did not place this statement at an extreme. For specific statement, see study2/studyd/q-statement-ordered.csv."
"Reason for placing at extreme, statement order = 20",study-2-qsort.csv - Column 50,reason_sta_20,Text,Open-ended / NA,"Participants justification for rating this statemant as the one most like/unlike their most of view. ""NA"" indicates participant did not place this statement at an extreme. For specific statement, see study2/studyd/q-statement-ordered.csv."
"Reason for placing at extreme, statement order = 21",study-2-qsort.csv - Column 51,reason_sta_21,Text,Open-ended / NA,"Participants justification for rating this statemant as the one most like/unlike their most of view. ""NA"" indicates participant did not place this statement at an extreme. For specific statement, see study2/studyd/q-statement-ordered.csv."
"Reason for placing at extreme, statement order = 22",study-2-qsort.csv - Column 52,reason_sta_22,Text,Open-ended / NA,"Participants justification for rating this statemant as the one most like/unlike their most of view. ""NA"" indicates participant did not place this statement at an extreme. For specific statement, see study2/studyd/q-statement-ordered.csv."
"Reason for placing at extreme, statement order = 23",study-2-qsort.csv - Column 53,reason_sta_23,Text,Open-ended / NA,"Participants justification for rating this statemant as the one most like/unlike their most of view. ""NA"" indicates participant did not place this statement at an extreme. For specific statement, see study2/studyd/q-statement-ordered.csv."
"Reason for placing at extreme, statement order = 24",study-2-qsort.csv - Column 54,reason_sta_24,Text,Open-ended / NA,"Participants justification for rating this statemant as the one most like/unlike their most of view. ""NA"" indicates participant did not place this statement at an extreme. For specific statement, see study2/studyd/q-statement-ordered.csv."
"Reason for placing at extreme, statement order = 25",study-2-qsort.csv - Column 55,reason_sta_25,Text,Open-ended / NA,"Participants justification for rating this statemant as the one most like/unlike their most of view. ""NA"" indicates participant did not place this statement at an extreme. For specific statement, see study2/studyd/q-statement-ordered.csv."
"Reason for placing at extreme, statement order = 26",study-2-qsort.csv - Column 56,reason_sta_26,Text,Open-ended / NA,"Participants justification for rating this statemant as the one most like/unlike their most of view. ""NA"" indicates participant did not place this statement at an extreme. For specific statement, see study2/studyd/q-statement-ordered.csv."
"Reason for placing at extreme, statement order = 27",study-2-qsort.csv - Column 57,reason_sta_27,Text,Open-ended / NA,"Participants justification for rating this statemant as the one most like/unlike their most of view. ""NA"" indicates participant did not place this statement at an extreme. For specific statement, see study2/studyd/q-statement-ordered.csv."
"Reason for placing at extreme, statement order = 28",study-2-qsort.csv - Column 58,reason_sta_28,Text,Open-ended / NA,"Participants justification for rating this statemant as the one most like/unlike their most of view. ""NA"" indicates participant did not place this statement at an extreme. For specific statement, see study2/studyd/q-statement-ordered.csv."
"Reason for placing at extreme, statement order = 29",study-2-qsort.csv - Column 59,reason_sta_29,Text,Open-ended / NA,"Participants justification for rating this statemant as the one most like/unlike their most of view. ""NA"" indicates participant did not place this statement at an extreme. For specific statement, see study2/studyd/q-statement-ordered.csv."
"Reason for placing at extreme, statement order = 30",study-2-qsort.csv - Column 60,reason_sta_30,Text,Open-ended / NA,"Participants justification for rating this statemant as the one most like/unlike their most of view. ""NA"" indicates participant did not place this statement at an extreme. For specific statement, see study2/studyd/q-statement-ordered.csv."
Placement in Q sort of statement order = 1,study-2-qsort.csv - Column 61,sort_sta_1,Text,Open-ended / NA,"Participants justification for rating this statemant as the one most like/unlike their most of view. ""NA"" indicates participant did not place this statement at an extreme. For specific statement, see study2/studyd/q-statement-ordered.csv."
Placement in Q sort of statement order = 2,study-2-qsort.csv - Column 62,sort_sta_2,Text,"C1, C2, C3, C4, C5, C6, C7, C8, C9","Participant allocation of statement in the Q sort. C1 is the most extreme ""unlike"" column, C9 is the most extreme ""like"" column, C5 is the middle column, etc. For specific statement, see study2/studyd/q-statement-ordered.csv."
Placement in Q sort of statement order = 3,study-2-qsort.csv - Column 63,sort_sta_3,Text,"C1, C2, C3, C4, C5, C6, C7, C8, C10","Participant allocation of statement in the Q sort. C1 is the most extreme ""unlike"" column, C9 is the most extreme ""like"" column, C5 is the middle column, etc. For specific statement, see study2/studyd/q-statement-ordered.csv."
Placement in Q sort of statement order = 4,study-2-qsort.csv - Column 64,sort_sta_4,Text,"C1, C2, C3, C4, C5, C6, C7, C8, C11","Participant allocation of statement in the Q sort. C1 is the most extreme ""unlike"" column, C9 is the most extreme ""like"" column, C5 is the middle column, etc. For specific statement, see study2/studyd/q-statement-ordered.csv."
Placement in Q sort of statement order = 5,study-2-qsort.csv - Column 65,sort_sta_5,Text,"C1, C2, C3, C4, C5, C6, C7, C8, C12","Participant allocation of statement in the Q sort. C1 is the most extreme ""unlike"" column, C9 is the most extreme ""like"" column, C5 is the middle column, etc. For specific statement, see study2/studyd/q-statement-ordered.csv."
Placement in Q sort of statement order = 6,study-2-qsort.csv - Column 66,sort_sta_6,Text,"C1, C2, C3, C4, C5, C6, C7, C8, C13","Participant allocation of statement in the Q sort. C1 is the most extreme ""unlike"" column, C9 is the most extreme ""like"" column, C5 is the middle column, etc. For specific statement, see study2/studyd/q-statement-ordered.csv."
Placement in Q sort of statement order = 7,study-2-qsort.csv - Column 67,sort_sta_7,Text,"C1, C2, C3, C4, C5, C6, C7, C8, C14","Participant allocation of statement in the Q sort. C1 is the most extreme ""unlike"" column, C9 is the most extreme ""like"" column, C5 is the middle column, etc. For specific statement, see study2/studyd/q-statement-ordered.csv."
Placement in Q sort of statement order = 8,study-2-qsort.csv - Column 68,sort_sta_8,Text,"C1, C2, C3, C4, C5, C6, C7, C8, C15","Participant allocation of statement in the Q sort. C1 is the most extreme ""unlike"" column, C9 is the most extreme ""like"" column, C5 is the middle column, etc. For specific statement, see study2/studyd/q-statement-ordered.csv."
Placement in Q sort of statement order = 9,study-2-qsort.csv - Column 69,sort_sta_9,Text,"C1, C2, C3, C4, C5, C6, C7, C8, C16","Participant allocation of statement in the Q sort. C1 is the most extreme ""unlike"" column, C9 is the most extreme ""like"" column, C5 is the middle column, etc. For specific statement, see study2/studyd/q-statement-ordered.csv."
Placement in Q sort of statement order = 10,study-2-qsort.csv - Column 70,sort_sta_10,Text,"C1, C2, C3, C4, C5, C6, C7, C8, C17","Participant allocation of statement in the Q sort. C1 is the most extreme ""unlike"" column, C9 is the most extreme ""like"" column, C5 is the middle column, etc. For specific statement, see study2/studyd/q-statement-ordered.csv."
Placement in Q sort of statement order = 11,study-2-qsort.csv - Column 71,sort_sta_11,Text,"C1, C2, C3, C4, C5, C6, C7, C8, C18","Participant allocation of statement in the Q sort. C1 is the most extreme ""unlike"" column, C9 is the most extreme ""like"" column, C5 is the middle column, etc. For specific statement, see study2/studyd/q-statement-ordered.csv."
Placement in Q sort of statement order = 12,study-2-qsort.csv - Column 72,sort_sta_12,Text,"C1, C2, C3, C4, C5, C6, C7, C8, C19","Participant allocation of statement in the Q sort. C1 is the most extreme ""unlike"" column, C9 is the most extreme ""like"" column, C5 is the middle column, etc. For specific statement, see study2/studyd/q-statement-ordered.csv."
Placement in Q sort of statement order = 13,study-2-qsort.csv - Column 73,sort_sta_13,Text,"C1, C2, C3, C4, C5, C6, C7, C8, C20","Participant allocation of statement in the Q sort. C1 is the most extreme ""unlike"" column, C9 is the most extreme ""like"" column, C5 is the middle column, etc. For specific statement, see study2/studyd/q-statement-ordered.csv."
Placement in Q sort of statement order = 14,study-2-qsort.csv - Column 74,sort_sta_14,Text,"C1, C2, C3, C4, C5, C6, C7, C8, C21","Participant allocation of statement in the Q sort. C1 is the most extreme ""unlike"" column, C9 is the most extreme ""like"" column, C5 is the middle column, etc. For specific statement, see study2/studyd/q-statement-ordered.csv."
Placement in Q sort of statement order = 15,study-2-qsort.csv - Column 75,sort_sta_15,Text,"C1, C2, C3, C4, C5, C6, C7, C8, C22","Participant allocation of statement in the Q sort. C1 is the most extreme ""unlike"" column, C9 is the most extreme ""like"" column, C5 is the middle column, etc. For specific statement, see study2/studyd/q-statement-ordered.csv."
Placement in Q sort of statement order = 16,study-2-qsort.csv - Column 76,sort_sta_16,Text,"C1, C2, C3, C4, C5, C6, C7, C8, C23","Participant allocation of statement in the Q sort. C1 is the most extreme ""unlike"" column, C9 is the most extreme ""like"" column, C5 is the middle column, etc. For specific statement, see study2/studyd/q-statement-ordered.csv."
Placement in Q sort of statement order = 17,study-2-qsort.csv - Column 77,sort_sta_17,Text,"C1, C2, C3, C4, C5, C6, C7, C8, C24","Participant allocation of statement in the Q sort. C1 is the most extreme ""unlike"" column, C9 is the most extreme ""like"" column, C5 is the middle column, etc. For specific statement, see study2/studyd/q-statement-ordered.csv."
Placement in Q sort of statement order = 18,study-2-qsort.csv - Column 78,sort_sta_18,Text,"C1, C2, C3, C4, C5, C6, C7, C8, C25","Participant allocation of statement in the Q sort. C1 is the most extreme ""unlike"" column, C9 is the most extreme ""like"" column, C5 is the middle column, etc. For specific statement, see study2/studyd/q-statement-ordered.csv."
Placement in Q sort of statement order = 19,study-2-qsort.csv - Column 79,sort_sta_19,Text,"C1, C2, C3, C4, C5, C6, C7, C8, C26","Participant allocation of statement in the Q sort. C1 is the most extreme ""unlike"" column, C9 is the most extreme ""like"" column, C5 is the middle column, etc. For specific statement, see study2/studyd/q-statement-ordered.csv."
Placement in Q sort of statement order = 20,study-2-qsort.csv - Column 80,sort_sta_20,Text,"C1, C2, C3, C4, C5, C6, C7, C8, C27","Participant allocation of statement in the Q sort. C1 is the most extreme ""unlike"" column, C9 is the most extreme ""like"" column, C5 is the middle column, etc. For specific statement, see study2/studyd/q-statement-ordered.csv."
Placement in Q sort of statement order = 21,study-2-qsort.csv - Column 81,sort_sta_21,Text,"C1, C2, C3, C4, C5, C6, C7, C8, C28","Participant allocation of statement in the Q sort. C1 is the most extreme ""unlike"" column, C9 is the most extreme ""like"" column, C5 is the middle column, etc. For specific statement, see study2/studyd/q-statement-ordered.csv."
Placement in Q sort of statement order = 22,study-2-qsort.csv - Column 82,sort_sta_22,Text,"C1, C2, C3, C4, C5, C6, C7, C8, C29","Participant allocation of statement in the Q sort. C1 is the most extreme ""unlike"" column, C9 is the most extreme ""like"" column, C5 is the middle column, etc. For specific statement, see study2/studyd/q-statement-ordered.csv."
Placement in Q sort of statement order = 23,study-2-qsort.csv - Column 83,sort_sta_23,Text,"C1, C2, C3, C4, C5, C6, C7, C8, C30","Participant allocation of statement in the Q sort. C1 is the most extreme ""unlike"" column, C9 is the most extreme ""like"" column, C5 is the middle column, etc. For specific statement, see study2/studyd/q-statement-ordered.csv."
Placement in Q sort of statement order = 24,study-2-qsort.csv - Column 84,sort_sta_24,Text,"C1, C2, C3, C4, C5, C6, C7, C8, C31","Participant allocation of statement in the Q sort. C1 is the most extreme ""unlike"" column, C9 is the most extreme ""like"" column, C5 is the middle column, etc. For specific statement, see study2/studyd/q-statement-ordered.csv."
Placement in Q sort of statement order = 25,study-2-qsort.csv - Column 85,sort_sta_25,Text,"C1, C2, C3, C4, C5, C6, C7, C8, C32","Participant allocation of statement in the Q sort. C1 is the most extreme ""unlike"" column, C9 is the most extreme ""like"" column, C5 is the middle column, etc. For specific statement, see study2/studyd/q-statement-ordered.csv."
Placement in Q sort of statement order = 26,study-2-qsort.csv - Column 86,sort_sta_26,Text,"C1, C2, C3, C4, C5, C6, C7, C8, C33","Participant allocation of statement in the Q sort. C1 is the most extreme ""unlike"" column, C9 is the most extreme ""like"" column, C5 is the middle column, etc. For specific statement, see study2/studyd/q-statement-ordered.csv."
Placement in Q sort of statement order = 27,study-2-qsort.csv - Column 87,sort_sta_27,Text,"C1, C2, C3, C4, C5, C6, C7, C8, C34","Participant allocation of statement in the Q sort. C1 is the most extreme ""unlike"" column, C9 is the most extreme ""like"" column, C5 is the middle column, etc. For specific statement, see study2/studyd/q-statement-ordered.csv."
Placement in Q sort of statement order = 28,study-2-qsort.csv - Column 88,sort_sta_28,Text,"C1, C2, C3, C4, C5, C6, C7, C8, C35","Participant allocation of statement in the Q sort. C1 is the most extreme ""unlike"" column, C9 is the most extreme ""like"" column, C5 is the middle column, etc. For specific statement, see study2/studyd/q-statement-ordered.csv."
Placement in Q sort of statement order = 29,study-2-qsort.csv - Column 89,sort_sta_29,Text,"C1, C2, C3, C4, C5, C6, C7, C8, C36","Participant allocation of statement in the Q sort. C1 is the most extreme ""unlike"" column, C9 is the most extreme ""like"" column, C5 is the middle column, etc. For specific statement, see study2/studyd/q-statement-ordered.csv."
Placement in Q sort of statement order = 30,study-2-qsort.csv - Column 90,sort_sta_30,Text,"C1, C2, C3, C4, C5, C6, C7, C8, C37","Participant allocation of statement in the Q sort. C1 is the most extreme ""unlike"" column, C9 is the most extreme ""like"" column, C5 is the middle column, etc. For specific statement, see study2/studyd/q-statement-ordered.csv."
Time to complete instruction page,study-2-qsort.csv - Column 91,time_instruct,Numeric,0-Inf,Measured in seconds
Time to complete pilot questions,study-2-qsort.csv - Column 92,time_pilot,Numeric,0-Inf,Measured in seconds
Time to complete preference assignment,study-2-qsort.csv - Column 93,time_pref,Numeric,0-Inf,Measured in seconds
Time to complete reason questions,study-2-qsort.csv - Column 94,time_reason,Numeric,0-Inf,Measured in seconds
Time to complete Q sort,study-2-qsort.csv - Column 95,time_sort,Numeric,0-Inf,Measured in seconds
"Frequency of ""No room"" error messages",study-2-qsort.csv - Column 96,count_noroom,Numeric,0-Inf,Number of times participant triggered an error message when attempting to place a card in a Q sort column with no remaining room.
"Frequency of ""Inconsistency"" error messages",study-2-qsort.csv - Column 97,count_incon,Numeric,0-Inf,Number of times participant triggered an error message when attempting to place a preference-incongrueous statement at one end of the Q sort.
"Supress ""no room"" error messages",study-2-qsort.csv - Column 98,supress_noroom,Logical,TRUE/FALSE,Whether participant opted to suppress error messages that trigger when attempting to place a card in a Q sort column with no remaining room.
"Supress ""Inconsistency"" error messages",study-2-qsort.csv - Column 99,supress_incon,Logical,TRUE/FALSE,Whether participant opted to suppress an error message that triggered when attempting to place a preference-incongrueous statement at one end of the Q sort.
Response to pilot question 1,study-2-qsort.csv - Column 100,pilot_response1,Text,Open-ended / NA,"As this study did not involve piloting the Q sort, this question was ommited (all responses = ""NA"")"
Response to pilot question 2,study-2-qsort.csv - Column 101,pilot_response2,Text,Open-ended / NA,"As this study did not involve piloting the Q sort, this question was ommited (all responses = ""NA"")"
Q sort card placement frequency,study-2-qsort.csv - Column 102,place_grid,Numeric,30-Inf,How many times a card was placed in the Q sort grid.
"Q sort card placement frequency, in available area",study-2-qsort.csv - Column 103,place_avail,Numeric,0-Inf,How many times a card was placed in the Q sort available area (the stack of cards that required sorting).
"Q sort card placement frequency, in temporary area",study-2-qsort.csv - Column 104,place_spare,Numeric,0-Inf,How many cards were placed in the temporary holding area
"Q sort card placement frequency, maximum in temporary area",study-2-qsort.csv - Column 105,place_spare_max,Numeric,0-Inf,"The maximum number of cards placed in the temporary holding area, at any one time."
Q sort character ID,study-2-qsort.csv - Column 106,qs,Text,0000000-9999999,"As per UniqueID, but text"
Q sort password,study-2-qsort.csv - Column 107,pass,Numeric,0-9999999,A password that corresponds to UniqueID/CharID. Participants recieve this after completing the Q sort. The password must be entered into Qualtrics to continue with the survey.
Time participant started the Q sort,study-2-qsort.csv - Column 108,time_start_qsort,Date,DD/MM/YYYY hh:mm:ss,Date and time participant opened the Q sort web application. Used with timing data to match participants to Qualtrics data.
